Disease,Food Item,Recommendation Type,Calories,Protein (g),Fat (g),Carbs (g),Fiber (g),Vitamin C (mg),Calcium (mg)
Diabetes,Carrots,Consume,134,6.5,6.8,14.3,4.9,63.4,222.1
Diabetes,Walnuts,Consume,242,29.9,2.7,50.7,7.2,84.4,10.3
Diabetes,Apple,Consume,200,28.4,7.8,5.0,0.7,36.2,194.5
Diabetes,Broccoli,Consume,215,26.6,1.7,54.1,6.9,17.6,95.3
Diabetes,Beans,Consume,49,12.4,6.4,34.8,6.4,20.1,174.5
Diabetes,Butter,Avoid,118,23.8,7.3,55.6,0.3,30.2,195.8
Diabetes,Sugary Drinks,Avoid,34,15.3,5.8,36.5,9.3,82.7,109.6
Diabetes,Chips,Avoid,143,10.8,8.1,51.3,6.4,92.8,180.5
Diabetes,Ice Cream,Avoid,69,0.7,2.5,23.7,2.4,75.5,149.2
Diabetes,Butter,Avoid,173,22.6,0.1,49.3,6.3,56.3,83.2
Hypertension,Greek Yogurt,Consume,165,16.1,4.7,14.6,0.8,58.9,83.4
Hypertension,Sweet Potato,Consume,171,29.5,1.1,16.0,10.0,92.3,52.0
Hypertension,Almonds,Consume,162,24.7,2.9,46.4,1.4,41.3,39.2
Hypertension,Lentils,Consume,207,11.4,14.7,59.8,7.3,7.5,9.3
Hypertension,Almonds,Consume,285,28.6,12.0,30.9,9.6,20.7,189.3
Hypertension,Red Meat,Avoid,292,1.1,19.4,10.4,2.2,94.5,142.3
Hypertension,Processed Meat,Avoid,232,20.5,1.1,1.7,9.1,5.1,158.5
Hypertension,Red Meat,Avoid,146,0.5,17.1,32.1,5.0,19.7,201.0
Hypertension,Candy,Avoid,33,23.2,3.2,41.9,3.0,74.6,87.6
Hypertension,High Salt Snacks,Avoid,71,13.6,7.5,59.8,2.4,4.0,200.0
Heart Disease,Brown Rice,Consume,104,25.8,15.9,50.4,7.9,61.9,62.3
Heart Disease,Greek Yogurt,Consume,206,10.4,12.3,34.5,3.2,88.2,157.0
Heart Disease,Beans,Consume,135,4.8,2.2,16.7,4.1,73.2,161.4
Heart Disease,Garlic,Consume,99,18.8,2.7,34.3,7.6,73.6,94.9
Heart Disease,Spinach,Consume,228,29.3,3.5,55.3,7.8,21.4,133.7
Heart Disease,High Salt Snacks,Avoid,28,9.2,17.5,55.9,4.1,88.7,245.9
Heart Disease,Chips,Avoid,219,18.6,12.0,54.7,9.4,5.7,208.5
Heart Disease,High Salt Snacks,Avoid,46,15.8,6.3,12.0,1.8,77.1,106.8
Heart Disease,Full-fat Cheese,Avoid,73,1.0,6.1,24.5,6.2,75.4,202.7
Heart Disease,High Salt Snacks,Avoid,153,12.7,3.6,24.4,4.9,31.1,30.4
Obesity,Green Tea,Consume,180,21.0,3.1,37.7,7.4,81.4,183.9
Obesity,Tomatoes,Consume,289,11.3,1.9,38.8,5.8,50.2,111.1
Obesity,Carrots,Consume,190,15.6,14.6,24.4,1.8,50.2,182.7
Obesity,Walnuts,Consume,29,20.2,8.9,35.3,7.2,30.5,206.6
Obesity,Garlic,Consume,53,1.6,2.5,36.0,1.5,57.2,34.8
Obesity,Fried Food,Avoid,178,26.4,11.6,21.5,5.3,54.1,110.5
Obesity,Alcohol,Avoid,261,15.8,1.5,50.0,9.3,71.7,221.8
Obesity,Ice Cream,Avoid,277,13.1,3.4,26.8,5.3,87.1,2.8
Obesity,Fried Food,Avoid,281,17.4,4.7,59.7,9.3,63.4,188.5
Obesity,Butter,Avoid,283,13.6,15.8,48.8,9.7,52.3,144.6
Chronic Kidney Disease,Chia Seeds,Consume,269,16.2,7.8,10.4,8.0,88.8,35.1
Chronic Kidney Disease,Almonds,Consume,104,23.0,9.4,45.4,2.5,12.5,193.4
Chronic Kidney Disease,Tomatoes,Consume,124,2.0,12.1,20.9,7.6,71.5,44.3
Chronic Kidney Disease,Carrots,Consume,220,4.2,4.9,44.1,7.6,99.9,201.2
Chronic Kidney Disease,Greek Yogurt,Consume,119,3.7,16.3,46.0,8.6,16.0,39.7
Chronic Kidney Disease,Chips,Avoid,280,13.4,13.4,24.3,6.9,30.3,134.4
Chronic Kidney Disease,Chips,Avoid,276,20.8,18.9,53.0,3.4,91.5,11.0
Chronic Kidney Disease,Alcohol,Avoid,65,2.1,13.1,31.0,9.3,95.9,213.1
Chronic Kidney Disease,Candy,Avoid,184,28.6,2.2,59.5,2.7,66.3,141.4
Chronic Kidney Disease,Chips,Avoid,67,13.1,14.3,23.8,6.8,47.0,70.5
Anemia,Salmon,Consume,140,17.4,18.0,43.7,9.7,50.2,55.8
Anemia,Apple,Consume,168,14.6,12.4,52.6,0.7,61.7,152.5
Anemia,Garlic,Consume,143,25.8,8.3,29.8,0.1,97.8,70.1
Anemia,Sweet Potato,Consume,90,6.9,9.9,19.2,3.0,44.2,25.5
Anemia,Lentils,Consume,92,24.7,19.1,35.4,5.9,73.0,41.8
Anemia,Candy,Avoid,154,4.4,4.5,48.6,1.8,53.8,98.0
Anemia,Processed Meat,Avoid,202,26.4,2.0,5.7,5.5,3.4,18.2
Anemia,Full-fat Cheese,Avoid,230,29.4,2.1,33.8,9.8,31.3,51.9
Anemia,Sugary Drinks,Avoid,174,2.0,11.0,45.1,5.0,34.9,21.1
Anemia,Alcohol,Avoid,144,17.8,18.5,28.2,6.7,99.6,94.9
Osteoporosis,Quinoa,Consume,258,18.9,12.8,5.1,8.6,20.3,106.5
Osteoporosis,Almonds,Consume,199,19.6,5.6,20.5,6.7,71.4,110.7
Osteoporosis,Salmon,Consume,53,20.6,14.9,46.7,0.1,79.1,79.2
Osteoporosis,Beans,Consume,87,4.6,5.3,52.7,3.6,22.9,237.3
Osteoporosis,Beans,Consume,90,9.7,18.8,21.9,3.5,62.2,140.7
Osteoporosis,White Bread,Avoid,165,27.9,15.5,16.6,8.4,43.2,113.3
Osteoporosis,High Salt Snacks,Avoid,173,28.5,11.6,17.5,0.5,57.8,206.2
Osteoporosis,Butter,Avoid,148,7.8,14.9,22.5,3.0,57.5,57.4
Osteoporosis,Pastries,Avoid,217,25.7,17.1,1.6,8.1,72.2,113.2
Osteoporosis,Fried Food,Avoid,220,11.3,11.7,36.0,7.2,57.0,7.1
Asthma,Spinach,Consume,155,3.1,12.9,20.0,1.2,76.9,110.5
Asthma,Broccoli,Consume,179,25.8,7.7,39.4,5.9,84.9,57.3
Asthma,Brown Rice,Consume,248,22.8,5.7,16.6,5.6,14.5,194.5
Asthma,Almonds,Consume,42,21.4,15.9,15.5,2.2,47.0,39.8
Asthma,Spinach,Consume,51,15.3,6.6,14.0,3.3,4.7,15.0
Asthma,Full-fat Cheese,Avoid,116,15.1,5.8,16.9,6.9,80.2,212.6
Asthma,White Bread,Avoid,269,23.7,6.3,59.6,3.2,51.7,96.2
Asthma,Red Meat,Avoid,137,18.2,17.2,35.8,6.5,93.0,120.7
Asthma,Candy,Avoid,24,17.1,8.2,9.9,0.8,99.0,40.6
Asthma,Red Meat,Avoid,127,19.9,17.6,23.9,4.3,44.8,180.4
Cancer,Green Tea,Consume,137,10.4,10.3,47.9,2.2,15.5,100.7
Cancer,Carrots,Consume,107,14.7,5.3,53.0,3.7,41.0,13.3
Cancer,Brown Rice,Consume,262,29.4,19.4,34.0,8.9,22.1,47.4
Cancer,Sweet Potato,Consume,88,19.8,11.5,40.3,5.4,77.0,56.3
Cancer,Chia Seeds,Consume,43,22.7,6.5,10.3,2.1,95.2,88.5
Cancer,Processed Meat,Avoid,173,2.0,11.6,56.9,5.8,43.0,99.1
Cancer,Sugary Drinks,Avoid,67,16.1,16.9,3.7,4.2,52.9,48.7
Cancer,Pastries,Avoid,133,1.3,18.7,1.8,8.0,12.7,168.5
Cancer,Ice Cream,Avoid,282,12.8,7.8,32.0,3.7,7.0,132.8
Cancer,Pastries,Avoid,151,16.8,15.0,12.0,9.5,9.4,17.1
Alzheimer's Disease,Spinach,Consume,267,23.0,14.8,44.5,5.2,39.7,32.2
Alzheimer's Disease,Salmon,Consume,135,23.4,8.4,47.4,0.8,15.2,45.9
Alzheimer's Disease,Apple,Consume,30,0.6,1.0,42.3,7.2,28.9,99.2
Alzheimer's Disease,Blueberries,Consume,126,4.5,3.1,2.8,0.2,0.1,114.9
Alzheimer's Disease,Spinach,Consume,83,9.0,5.4,51.3,2.1,43.4,219.3
Alzheimer's Disease,Fried Food,Avoid,190,17.9,5.3,49.1,0.6,71.7,160.5
Alzheimer's Disease,Ice Cream,Avoid,130,23.3,15.2,10.6,4.8,56.2,69.2
Alzheimer's Disease,High Salt Snacks,Avoid,70,24.5,17.5,55.9,9.7,9.5,245.7
Alzheimer's Disease,Candy,Avoid,58,16.7,2.5,3.5,6.4,13.9,225.2
Alzheimer's Disease,Full-fat Cheese,Avoid,238,18.2,3.3,57.3,7.5,83.2,168.1
Parkinson's Disease,Apple,Consume,65,6.4,16.8,8.7,9.8,75.4,94.1
Parkinson's Disease,Oats,Consume,154,14.5,19.8,18.7,5.4,10.4,181.0
Parkinson's Disease,Spinach,Consume,44,24.9,19.9,29.5,3.3,73.6,0.8
Parkinson's Disease,Quinoa,Consume,114,27.8,18.7,26.9,4.1,51.6,229.4
Parkinson's Disease,Blueberries,Consume,82,28.7,19.4,35.3,3.3,16.7,226.0
Parkinson's Disease,White Bread,Avoid,59,29.2,5.1,41.9,4.2,27.5,149.5
Parkinson's Disease,Chips,Avoid,48,6.5,8.8,16.3,1.1,96.3,40.0
Parkinson's Disease,Red Meat,Avoid,28,12.2,12.2,55.6,8.1,70.2,77.1
Parkinson's Disease,Fried Food,Avoid,226,19.1,9.7,24.0,9.2,7.1,87.2
Parkinson's Disease,Pastries,Avoid,173,6.0,0.6,21.9,5.2,76.0,204.4
Stroke,Green Tea,Consume,28,5.0,15.9,59.3,8.4,69.3,37.0
Stroke,Carrots,Consume,292,26.5,13.1,17.4,0.1,93.7,184.7
Stroke,Oats,Consume,140,13.0,12.8,46.8,9.7,2.3,35.8
Stroke,Broccoli,Consume,300,2.2,17.8,9.9,2.9,45.9,42.0
Stroke,Oats,Consume,108,27.2,18.8,13.4,4.9,83.4,152.2
Stroke,Ice Cream,Avoid,260,20.0,15.6,53.8,6.3,31.5,132.1
Stroke,Ice Cream,Avoid,243,5.9,4.1,40.0,0.3,89.3,28.7
Stroke,Ice Cream,Avoid,256,15.5,8.2,43.9,7.4,83.4,57.0
Stroke,Refined Flour Products,Avoid,119,28.2,4.3,35.4,1.8,75.8,54.3
Stroke,Soda,Avoid,255,8.2,4.1,11.6,3.2,67.2,133.8
High Cholesterol,Garlic,Consume,228,6.8,3.8,58.3,4.9,78.8,216.1
High Cholesterol,Greek Yogurt,Consume,246,3.2,7.6,5.6,8.2,47.1,71.0
High Cholesterol,Greek Yogurt,Consume,287,24.7,9.9,24.3,5.7,17.2,55.5
High Cholesterol,Carrots,Consume,247,22.1,18.8,2.0,1.3,67.0,248.0
High Cholesterol,Brown Rice,Consume,274,6.8,11.0,3.1,8.2,87.8,0.0
High Cholesterol,Soda,Avoid,100,7.9,13.4,38.0,9.3,72.6,64.9
High Cholesterol,White Bread,Avoid,31,22.6,16.3,20.9,6.2,31.2,159.7
High Cholesterol,Candy,Avoid,153,10.8,17.2,56.8,5.0,87.2,188.4
High Cholesterol,High Salt Snacks,Avoid,142,4.2,13.6,33.1,1.7,50.4,106.1
High Cholesterol,Pastries,Avoid,231,18.5,2.4,23.8,3.8,49.2,73.4
Celiac Disease,Apple,Consume,151,11.9,5.9,35.1,1.8,23.1,232.2
Celiac Disease,Greek Yogurt,Consume,76,23.0,3.5,47.1,8.8,52.1,207.4
Celiac Disease,Salmon,Consume,26,22.2,12.7,1.3,9.1,31.4,160.8
Celiac Disease,Greek Yogurt,Consume,96,13.7,14.2,17.2,8.0,47.3,9.2
Celiac Disease,Spinach,Consume,177,7.5,7.2,31.9,7.5,58.2,125.0
Celiac Disease,Red Meat,Avoid,20,5.2,3.6,23.9,4.2,94.2,246.7
Celiac Disease,Butter,Avoid,91,11.7,17.8,6.3,3.0,53.5,129.8
Celiac Disease,Candy,Avoid,219,24.8,16.8,6.3,6.2,81.2,159.9
Celiac Disease,High Salt Snacks,Avoid,240,22.8,5.9,45.8,9.4,55.3,235.9
Celiac Disease,Pastries,Avoid,48,17.9,9.7,35.4,8.9,87.1,155.7
Liver Disease,Broccoli,Consume,69,25.2,6.5,44.6,6.6,19.5,110.1
Liver Disease,Blueberries,Consume,113,23.8,13.1,28.3,2.6,79.7,249.9
Liver Disease,Beans,Consume,26,27.7,16.9,20.1,9.4,83.1,115.3
Liver Disease,Spinach,Consume,298,1.7,18.7,7.4,3.3,37.6,21.5
Liver Disease,Walnuts,Consume,151,10.1,3.0,14.1,3.6,33.2,123.2
Liver Disease,Ice Cream,Avoid,100,24.6,1.0,44.5,2.4,55.8,149.7
Liver Disease,Sugary Drinks,Avoid,281,24.1,7.2,46.6,6.4,10.0,238.1
Liver Disease,Pastries,Avoid,45,15.0,19.4,5.7,8.6,82.0,118.1
Liver Disease,Red Meat,Avoid,195,0.7,1.9,24.9,2.8,47.2,77.9
Liver Disease,High Salt Snacks,Avoid,142,14.4,4.0,12.8,1.9,56.2,16.2
Gout,Almonds,Consume,70,2.8,16.2,28.9,1.8,25.0,157.6
Gout,Garlic,Consume,26,9.4,16.5,14.6,4.7,36.6,167.2
Gout,Blueberries,Consume,110,15.0,4.4,43.3,6.7,59.9,221.9
Gout,Chia Seeds,Consume,292,16.5,4.1,16.8,4.3,15.7,235.3
Gout,Apple,Consume,115,20.3,7.9,59.5,2.1,59.0,17.0
Gout,Candy,Avoid,164,18.3,5.5,42.0,9.1,22.7,223.0
Gout,High Salt Snacks,Avoid,105,20.5,19.0,33.2,4.8,55.3,121.9
Gout,Red Meat,Avoid,289,19.4,5.4,35.0,9.7,46.0,140.0
Gout,High Salt Snacks,Avoid,46,17.6,9.3,18.3,0.6,33.0,156.9
Gout,Soda,Avoid,76,1.4,4.1,4.9,9.9,23.8,140.2
Rheumatoid Arthritis,Apple,Consume,208,27.9,19.1,37.4,9.4,65.9,27.0
Rheumatoid Arthritis,Almonds,Consume,124,16.2,11.2,5.0,2.3,64.5,146.5
Rheumatoid Arthritis,Salmon,Consume,33,14.5,12.1,24.9,6.4,68.0,8.8
Rheumatoid Arthritis,Chia Seeds,Consume,266,11.1,15.4,58.1,8.9,78.5,175.6
Rheumatoid Arthritis,Carrots,Consume,184,23.3,9.6,58.2,2.8,88.5,182.2
Rheumatoid Arthritis,Chips,Avoid,42,9.9,2.6,19.1,5.2,43.9,117.1
Rheumatoid Arthritis,Processed Meat,Avoid,25,6.9,16.2,44.5,7.5,3.9,10.1
Rheumatoid Arthritis,Processed Meat,Avoid,122,12.5,19.7,30.2,8.9,36.3,67.9
Rheumatoid Arthritis,Soda,Avoid,66,29.2,10.3,27.9,8.9,55.8,51.9
Rheumatoid Arthritis,Soda,Avoid,92,29.3,12.2,32.3,3.8,80.3,23.5
Depression,Chia Seeds,Consume,133,3.7,5.0,36.5,4.9,3.5,198.7
Depression,Tomatoes,Consume,290,28.7,17.1,46.6,1.6,37.8,181.9
Depression,Broccoli,Consume,204,9.7,14.6,44.6,1.5,58.5,239.9
Depression,Walnuts,Consume,239,3.0,9.2,31.9,9.4,58.3,23.1
Depression,Beans,Consume,131,15.8,5.8,33.2,5.2,81.2,159.9
Depression,Alcohol,Avoid,202,5.1,9.6,11.7,3.6,21.6,71.5
Depression,Butter,Avoid,222,27.6,4.6,35.0,1.1,73.6,27.4
Depression,Ice Cream,Avoid,118,2.9,2.7,43.7,4.0,75.1,122.5
Depression,Soda,Avoid,162,21.0,15.9,22.7,7.3,94.4,9.5
Depression,Soda,Avoid,35,7.2,15.0,6.2,8.8,68.9,102.5
Anxiety,Chia Seeds,Consume,153,7.6,5.9,60.0,8.5,50.6,211.6
Anxiety,Brown Rice,Consume,124,3.2,5.9,17.4,3.5,67.1,246.4
Anxiety,Quinoa,Consume,160,28.4,12.4,21.7,0.1,17.1,84.9
Anxiety,Almonds,Consume,84,16.0,19.1,7.0,3.4,34.4,121.4
Anxiety,Quinoa,Consume,274,19.2,17.5,27.9,2.0,44.9,95.8
Anxiety,Ice Cream,Avoid,111,26.6,4.6,4.0,3.1,28.3,106.0
Anxiety,Soda,Avoid,200,21.9,8.5,41.9,8.1,78.9,127.6
Anxiety,Chips,Avoid,227,15.2,4.8,20.0,5.0,76.2,243.8
Anxiety,Red Meat,Avoid,56,3.6,2.3,46.4,5.6,16.4,128.4
Anxiety,Alcohol,Avoid,244,10.3,4.5,28.7,5.8,43.8,86.1
Migraine,Spinach,Consume,85,15.6,10.1,23.6,8.3,51.5,200.7
Migraine,Sweet Potato,Consume,297,17.6,11.7,31.6,2.2,64.4,118.0
Migraine,Salmon,Consume,57,8.5,16.8,8.4,0.9,47.9,109.3
Migraine,Salmon,Consume,101,5.6,18.8,21.4,6.4,71.6,18.1
Migraine,Salmon,Consume,191,20.1,5.0,22.6,8.6,94.3,46.8
Migraine,Full-fat Cheese,Avoid,83,20.7,12.3,1.2,2.5,79.8,49.6
Migraine,Alcohol,Avoid,158,24.0,16.7,48.6,0.9,7.4,139.3
Migraine,Alcohol,Avoid,227,16.3,4.2,25.0,3.1,17.2,156.8
Migraine,Alcohol,Avoid,42,13.9,14.5,58.1,7.2,38.5,219.9
Migraine,Candy,Avoid,221,8.9,17.8,4.8,2.9,5.3,65.3
Epilepsy,Brown Rice,Consume,226,23.0,2.7,38.2,0.4,26.2,77.0
Epilepsy,Carrots,Consume,294,6.0,10.8,15.3,3.6,29.2,113.2
Epilepsy,Quinoa,Consume,105,13.9,4.3,32.2,3.3,56.4,95.9
Epilepsy,Beans,Consume,147,26.4,5.5,7.5,2.3,36.0,113.5
Epilepsy,Carrots,Consume,104,13.3,18.3,10.1,4.3,48.5,169.1
Epilepsy,Pastries,Avoid,257,11.0,1.0,19.0,3.0,71.0,203.0
Epilepsy,Red Meat,Avoid,284,18.5,2.5,54.2,5.9,17.1,211.3
Epilepsy,Chips,Avoid,214,28.9,18.4,44.0,7.0,83.9,22.9
Epilepsy,Chips,Avoid,90,18.8,18.6,18.4,8.3,69.6,124.8
Epilepsy,Alcohol,Avoid,104,28.8,13.6,21.0,2.7,55.5,173.2
COPD,Blueberries,Consume,133,13.1,5.7,36.2,3.2,51.7,137.0
COPD,Tomatoes,Consume,32,7.2,3.0,39.6,6.0,23.4,59.7
COPD,Greek Yogurt,Consume,234,27.2,18.3,11.7,8.7,8.0,4.1
COPD,Salmon,Consume,105,21.6,7.8,57.8,4.0,0.4,231.8
COPD,Broccoli,Consume,199,29.2,15.7,24.9,8.1,25.0,140.3
COPD,Red Meat,Avoid,33,24.1,18.0,36.2,2.0,15.1,4.7
COPD,Sugary Drinks,Avoid,194,15.4,15.7,30.5,1.5,42.5,74.2
COPD,Candy,Avoid,171,18.5,6.0,2.8,5.0,56.7,2.2
COPD,Fried Food,Avoid,55,28.6,19.4,10.0,4.9,67.0,175.0
COPD,Butter,Avoid,24,29.9,7.5,15.3,2.9,73.4,137.2
Thyroid Disorder,Oats,Consume,178,26.0,17.9,46.4,0.5,86.9,115.8
Thyroid Disorder,Almonds,Consume,29,19.6,3.0,12.7,9.1,20.5,21.6
Thyroid Disorder,Quinoa,Consume,89,11.7,14.7,41.3,1.7,66.5,123.4
Thyroid Disorder,Garlic,Consume,72,5.2,14.5,10.4,4.8,44.8,118.4
Thyroid Disorder,Green Tea,Consume,48,26.3,5.6,47.1,8.3,16.7,174.5
Thyroid Disorder,Sugary Drinks,Avoid,40,7.0,13.5,35.4,3.6,93.7,44.6
Thyroid Disorder,Candy,Avoid,135,29.4,16.7,3.9,0.3,81.7,13.2
Thyroid Disorder,Full-fat Cheese,Avoid,22,7.4,10.2,20.0,4.7,24.8,25.4
Thyroid Disorder,Processed Meat,Avoid,268,5.2,14.0,37.9,5.2,44.4,248.3
Thyroid Disorder,Ice Cream,Avoid,288,19.3,13.4,18.2,3.8,21.4,210.7
Influenza,Carrots,Consume,130,2.9,2.3,13.8,9.9,12.3,82.2
Influenza,Garlic,Consume,205,13.4,0.2,31.7,1.3,4.7,14.9
Influenza,Broccoli,Consume,93,11.3,17.2,51.9,7.0,54.1,229.6
Influenza,Beans,Consume,84,24.3,3.7,32.0,3.6,12.2,65.7
Influenza,Tomatoes,Consume,270,10.4,19.1,56.2,8.5,18.5,231.8
Influenza,Candy,Avoid,155,17.2,9.5,42.2,8.3,21.4,218.1
Influenza,Ice Cream,Avoid,230,5.6,16.5,37.3,9.1,79.8,21.8
Influenza,Processed Meat,Avoid,278,3.0,3.4,20.9,1.4,33.7,98.7
Influenza,Candy,Avoid,90,29.4,14.2,49.0,1.3,19.6,92.2
Influenza,Candy,Avoid,148,4.3,14.0,10.7,4.2,63.5,14.0
Pneumonia,Greek Yogurt,Consume,60,3.4,3.3,42.4,4.1,5.5,165.1
Pneumonia,Apple,Consume,206,28.5,2.3,54.5,7.7,83.4,83.9
Pneumonia,Green Tea,Consume,207,26.8,15.3,43.7,2.0,86.1,202.2
Pneumonia,Salmon,Consume,85,26.1,9.9,37.4,2.1,73.5,71.0
Pneumonia,Beans,Consume,56,2.8,14.5,17.9,1.1,9.6,113.3
Pneumonia,High Salt Snacks,Avoid,173,25.2,15.3,26.0,7.7,74.2,120.6
Pneumonia,Butter,Avoid,128,3.0,12.3,55.8,3.0,20.4,194.0
Pneumonia,Refined Flour Products,Avoid,287,19.7,17.9,20.7,8.6,57.2,16.4
Pneumonia,Fried Food,Avoid,241,19.3,13.4,43.2,4.2,96.1,128.2
Pneumonia,Sugary Drinks,Avoid,218,23.4,15.2,9.9,1.2,17.0,170.6
Tuberculosis,Greek Yogurt,Consume,59,10.4,4.9,25.3,1.1,1.5,16.0
Tuberculosis,Oats,Consume,140,1.1,8.7,26.4,2.0,87.6,69.0
Tuberculosis,Green Tea,Consume,107,16.5,9.4,48.5,5.5,2.0,172.4
Tuberculosis,Salmon,Consume,152,28.2,8.4,12.9,7.5,17.9,177.4
Tuberculosis,Chia Seeds,Consume,71,24.4,16.3,44.4,9.2,69.3,184.3
Tuberculosis,Red Meat,Avoid,39,7.7,15.1,3.5,1.2,11.0,71.3
Tuberculosis,Butter,Avoid,287,7.4,3.0,20.3,5.6,29.1,129.2
Tuberculosis,High Salt Snacks,Avoid,190,21.2,3.5,37.5,8.5,11.3,9.3
Tuberculosis,Processed Meat,Avoid,184,26.3,10.2,4.3,3.8,49.8,192.8
Tuberculosis,Refined Flour Products,Avoid,227,7.4,19.7,1.1,7.4,40.6,99.3
HIV/AIDS,Tomatoes,Consume,122,13.4,18.9,55.6,0.7,95.8,80.9
HIV/AIDS,Walnuts,Consume,76,13.6,2.2,36.3,7.2,28.0,237.4
HIV/AIDS,Carrots,Consume,158,19.5,14.6,26.6,5.5,55.0,87.4
HIV/AIDS,Blueberries,Consume,96,2.7,10.6,51.9,8.8,19.9,161.5
HIV/AIDS,Apple,Consume,36,10.6,15.1,33.9,7.0,24.5,171.5
HIV/AIDS,Candy,Avoid,115,8.5,10.5,12.1,8.0,10.6,149.2
HIV/AIDS,Candy,Avoid,276,4.4,4.9,27.7,3.8,96.3,147.1
HIV/AIDS,Full-fat Cheese,Avoid,88,2.8,7.6,23.6,6.0,48.8,11.9
HIV/AIDS,Red Meat,Avoid,237,22.4,6.1,44.5,7.7,33.2,206.4
HIV/AIDS,Chips,Avoid,253,19.6,17.9,24.2,4.1,12.8,76.9
Malaria,Beans,Consume,84,30.0,7.6,30.3,0.2,6.3,94.4
Malaria,Broccoli,Consume,217,13.9,15.1,17.9,7.6,45.7,210.1
Malaria,Garlic,Consume,122,23.4,18.9,5.2,0.7,41.3,22.4
Malaria,Blueberries,Consume,135,23.0,4.5,49.5,5.7,1.4,27.0
Malaria,Brown Rice,Consume,274,8.7,9.0,44.7,9.0,76.9,63.0
Malaria,Pastries,Avoid,147,6.3,1.1,31.9,8.8,93.3,4.4
Malaria,High Salt Snacks,Avoid,286,14.9,12.6,37.9,1.6,11.8,217.9
Malaria,Full-fat Cheese,Avoid,81,14.1,2.2,50.2,0.6,57.2,40.3
Malaria,Alcohol,Avoid,55,11.5,9.9,52.8,4.2,72.3,203.0
Malaria,Full-fat Cheese,Avoid,101,25.3,19.5,38.4,3.3,33.8,211.7
Dengue,Green Tea,Consume,208,20.9,4.1,30.9,3.8,29.5,16.0
Dengue,Almonds,Consume,155,4.3,9.2,8.9,8.5,26.7,41.2
Dengue,Garlic,Consume,84,29.7,17.8,54.0,2.3,60.1,118.5
Dengue,Salmon,Consume,251,0.9,4.7,7.1,7.6,7.8,228.2
Dengue,Salmon,Consume,73,10.4,3.3,1.8,7.1,68.6,60.5
Dengue,Pastries,Avoid,215,15.6,14.4,24.6,4.2,17.5,102.8
Dengue,Ice Cream,Avoid,181,19.1,19.3,25.2,1.0,44.8,189.1
Dengue,Alcohol,Avoid,56,12.7,16.9,20.3,0.1,63.6,205.6
Dengue,Red Meat,Avoid,184,24.0,18.1,50.4,0.3,97.1,31.7
Dengue,Red Meat,Avoid,230,19.3,3.6,46.8,3.9,30.6,119.9
Arthritis,Garlic,Consume,95,14.9,16.0,40.0,5.0,61.2,33.6
Arthritis,Lentils,Consume,223,20.2,0.1,30.5,0.5,54.9,217.0
Arthritis,Chia Seeds,Consume,41,5.0,2.0,49.2,4.6,38.3,90.6
Arthritis,Green Tea,Consume,253,28.4,8.3,11.5,4.2,54.9,70.7
Arthritis,Beans,Consume,142,5.3,18.9,21.3,2.7,8.7,240.3
Arthritis,Refined Flour Products,Avoid,262,12.2,7.1,59.4,6.5,59.7,189.7
Arthritis,Soda,Avoid,21,22.9,11.8,49.5,0.6,72.7,4.8
Arthritis,Full-fat Cheese,Avoid,197,27.6,15.1,35.5,1.1,94.8,47.7
Arthritis,Candy,Avoid,117,29.7,12.2,54.5,9.0,59.7,27.6
Arthritis,Full-fat Cheese,Avoid,84,2.4,18.1,44.0,6.8,64.2,177.9
Psoriasis,Tomatoes,Consume,214,27.9,4.2,59.0,9.9,59.6,128.3
Psoriasis,Lentils,Consume,126,28.7,10.8,50.7,1.7,18.5,87.7
Psoriasis,Tomatoes,Consume,87,26.2,15.3,50.3,3.7,62.7,64.1
Psoriasis,Salmon,Consume,290,27.3,1.1,52.5,9.5,2.8,227.3
Psoriasis,Carrots,Consume,207,8.4,18.1,5.9,5.0,40.2,154.3
Psoriasis,Ice Cream,Avoid,261,19.9,15.3,35.9,8.8,9.2,25.8
Psoriasis,Red Meat,Avoid,59,13.8,12.5,11.7,8.0,75.7,225.8
Psoriasis,Ice Cream,Avoid,176,9.3,19.7,32.0,4.1,94.3,175.0
Psoriasis,Butter,Avoid,276,24.5,11.3,14.1,9.9,39.2,30.6
Psoriasis,Refined Flour Products,Avoid,20,6.7,3.2,40.0,4.3,8.6,88.6
IBS,Quinoa,Consume,266,4.7,13.7,19.7,3.5,75.6,139.4
IBS,Tomatoes,Consume,232,1.9,12.7,45.1,0.3,72.0,36.8
IBS,Blueberries,Consume,120,22.6,12.6,1.5,2.1,4.3,148.7
IBS,Green Tea,Consume,129,4.0,6.7,48.6,8.9,44.4,7.1
IBS,Chia Seeds,Consume,25,25.2,7.8,2.5,2.7,57.6,82.6
IBS,High Salt Snacks,Avoid,58,15.5,0.2,26.9,4.2,78.6,2.7
IBS,Alcohol,Avoid,73,13.2,17.3,1.9,9.5,98.7,246.4
IBS,High Salt Snacks,Avoid,109,25.1,7.3,9.5,7.7,83.9,201.6
IBS,Soda,Avoid,129,11.1,15.1,9.6,1.6,66.7,225.6
IBS,Soda,Avoid,286,1.8,9.6,58.6,6.6,9.7,125.0
Ulcerative Colitis,Greek Yogurt,Consume,25,19.3,15.2,40.1,7.0,0.4,116.7
Ulcerative Colitis,Tomatoes,Consume,130,6.1,17.0,3.1,3.2,2.9,109.2
Ulcerative Colitis,Apple,Consume,274,3.3,8.8,44.6,4.9,20.8,74.5
Ulcerative Colitis,Salmon,Consume,42,29.9,3.7,21.9,0.8,72.7,30.5
Ulcerative Colitis,Broccoli,Consume,115,1.8,12.9,11.9,5.9,45.3,141.3
Ulcerative Colitis,Ice Cream,Avoid,286,14.7,7.4,36.2,9.3,14.8,107.1
Ulcerative Colitis,Refined Flour Products,Avoid,56,21.9,16.2,25.1,8.9,56.0,249.7
Ulcerative Colitis,High Salt Snacks,Avoid,195,10.9,4.2,13.3,6.6,51.3,13.1
Ulcerative Colitis,High Salt Snacks,Avoid,126,21.8,19.3,18.6,7.7,76.9,102.1
Ulcerative Colitis,Fried Food,Avoid,41,17.1,9.7,18.2,9.4,68.2,245.9
Crohn's Disease,Broccoli,Consume,80,5.9,9.1,8.8,3.0,80.5,221.8
Crohn's Disease,Apple,Consume,207,27.4,2.3,36.8,4.8,97.5,105.3
Crohn's Disease,Almonds,Consume,222,6.0,15.7,39.0,4.5,10.1,92.5
Crohn's Disease,Almonds,Consume,236,2.4,11.8,49.5,3.8,80.4,178.6
Crohn's Disease,Brown Rice,Consume,126,1.0,0.9,32.6,6.9,17.5,152.9
Crohn's Disease,Soda,Avoid,49,29.8,8.1,43.6,5.2,18.9,75.2
Crohn's Disease,Chips,Avoid,286,2.4,14.0,4.6,3.5,2.3,60.6
Crohn's Disease,Fried Food,Avoid,228,13.3,4.2,22.5,5.6,1.4,59.8
Crohn's Disease,Red Meat,Avoid,204,26.8,14.2,58.4,7.9,61.2,105.0
Crohn's Disease,Butter,Avoid,25,18.5,12.5,51.4,2.2,64.9,46.3
Endometriosis,Apple,Consume,86,5.5,13.6,26.3,5.1,70.2,15.4
Endometriosis,Greek Yogurt,Consume,93,18.9,19.9,49.0,4.3,39.2,123.3
Endometriosis,Brown Rice,Consume,245,10.6,3.3,48.2,1.5,80.8,248.0
Endometriosis,Apple,Consume,269,21.7,15.1,36.7,1.8,4.2,37.5
Endometriosis,Lentils,Consume,268,27.6,4.7,52.8,1.6,91.4,77.6
Endometriosis,White Bread,Avoid,242,11.3,5.7,58.3,3.1,32.6,172.1
Endometriosis,Alcohol,Avoid,237,22.8,10.1,54.4,7.0,94.9,71.9
Endometriosis,White Bread,Avoid,173,0.7,19.2,1.3,4.4,78.0,139.2
Endometriosis,Pastries,Avoid,48,14.1,16.4,4.6,9.8,90.9,52.2
Endometriosis,Processed Meat,Avoid,219,10.8,6.8,57.0,2.1,11.6,73.6
PCOS,Oats,Consume,43,4.9,19.4,20.5,7.3,67.5,226.6
PCOS,Quinoa,Consume,54,26.0,2.2,40.0,1.8,28.1,234.2
PCOS,Walnuts,Consume,112,9.3,7.7,50.6,3.8,67.9,220.4
PCOS,Sweet Potato,Consume,158,8.0,0.7,19.4,0.6,61.9,220.2
PCOS,Sweet Potato,Consume,239,21.7,13.8,41.2,5.5,14.6,178.5
PCOS,High Salt Snacks,Avoid,29,5.6,10.3,42.0,1.5,54.7,173.2
PCOS,White Bread,Avoid,297,15.3,9.1,40.8,9.6,91.4,132.2
PCOS,Refined Flour Products,Avoid,270,9.6,15.4,2.9,7.7,27.9,200.4
PCOS,Refined Flour Products,Avoid,212,7.1,10.2,15.9,4.6,11.6,139.3
PCOS,Ice Cream,Avoid,246,20.7,15.4,9.3,5.6,49.9,159.3
Fibromyalgia,Chia Seeds,Consume,97,24.0,9.8,25.3,4.9,21.2,194.2
Fibromyalgia,Greek Yogurt,Consume,164,29.5,6.0,20.3,5.0,92.6,46.6
Fibromyalgia,Almonds,Consume,162,19.9,19.0,24.8,7.6,48.2,143.9
Fibromyalgia,Oats,Consume,87,1.2,18.4,1.0,7.4,21.2,23.3
Fibromyalgia,Oats,Consume,100,7.5,11.5,44.9,4.4,67.5,47.6
Fibromyalgia,Red Meat,Avoid,84,17.1,19.8,31.7,8.2,37.2,249.3
Fibromyalgia,Fried Food,Avoid,136,10.2,14.4,14.1,3.4,55.4,156.8
Fibromyalgia,Fried Food,Avoid,166,5.5,7.7,37.3,4.0,80.6,161.3
Fibromyalgia,Full-fat Cheese,Avoid,191,14.8,9.6,30.7,4.0,38.4,17.1
Fibromyalgia,White Bread,Avoid,110,12.7,1.7,14.8,7.9,52.2,27.9
Glaucoma,Chia Seeds,Consume,70,11.4,16.3,52.9,4.5,29.3,214.1
Glaucoma,Spinach,Consume,92,6.6,19.1,49.9,3.0,66.7,194.8
Glaucoma,Salmon,Consume,171,21.0,11.4,43.9,8.9,53.1,177.3
Glaucoma,Carrots,Consume,52,27.7,18.6,51.2,9.6,58.9,35.8
Glaucoma,Brown Rice,Consume,206,5.1,9.9,50.4,7.8,94.5,247.7
Glaucoma,Ice Cream,Avoid,34,24.6,18.4,7.4,8.8,54.9,126.1
Glaucoma,Soda,Avoid,24,9.0,4.4,27.5,8.6,86.5,193.5
Glaucoma,Refined Flour Products,Avoid,170,29.4,6.8,10.9,10.0,89.0,88.6
Glaucoma,Sugary Drinks,Avoid,27,7.0,2.3,11.6,8.3,69.0,56.6
Glaucoma,Processed Meat,Avoid,123,11.4,14.8,24.9,4.1,75.3,39.3
Cataracts,Greek Yogurt,Consume,104,25.1,15.3,55.9,9.9,67.1,26.7
Cataracts,Walnuts,Consume,52,27.3,3.4,40.1,4.3,54.6,27.4
Cataracts,Carrots,Consume,132,6.5,15.2,24.3,5.6,62.6,11.6
Cataracts,Walnuts,Consume,124,0.7,20.0,33.1,2.3,60.2,158.2
Cataracts,Sweet Potato,Consume,130,25.2,6.8,41.7,9.3,93.1,230.4
Cataracts,Full-fat Cheese,Avoid,34,21.5,3.0,34.9,3.0,84.7,156.2
Cataracts,Full-fat Cheese,Avoid,252,2.3,4.5,22.9,4.4,16.2,99.2
Cataracts,Soda,Avoid,194,19.6,14.5,31.4,7.7,5.2,114.3
Cataracts,White Bread,Avoid,163,4.5,12.3,50.7,8.1,80.9,229.6
Cataracts,Refined Flour Products,Avoid,267,4.2,1.2,31.3,2.4,8.2,94.7
Hearing Loss,Quinoa,Consume,159,27.3,16.7,23.6,7.1,36.5,245.8
Hearing Loss,Garlic,Consume,211,3.6,13.3,31.8,9.5,37.7,124.4
Hearing Loss,Chia Seeds,Consume,299,28.5,1.5,18.0,9.0,82.4,245.3
Hearing Loss,Sweet Potato,Consume,140,21.1,19.6,37.9,3.1,38.1,242.4
Hearing Loss,Apple,Consume,176,10.7,18.8,21.2,2.2,69.9,154.7
Hearing Loss,Red Meat,Avoid,43,13.4,14.7,36.7,0.0,42.0,246.0
Hearing Loss,Butter,Avoid,256,20.1,19.7,35.0,5.7,29.4,207.0
Hearing Loss,Refined Flour Products,Avoid,46,22.3,0.2,14.0,9.2,62.2,219.1
Hearing Loss,Soda,Avoid,21,2.4,13.8,9.7,9.5,83.9,18.0
Hearing Loss,White Bread,Avoid,78,6.5,3.5,8.0,8.3,8.1,118.5
Sleep Apnea,Apple,Consume,207,23.5,11.9,29.0,4.9,62.7,109.7
Sleep Apnea,Oats,Consume,293,16.4,18.8,55.1,9.3,98.8,165.9
Sleep Apnea,Green Tea,Consume,178,13.5,14.9,16.1,0.7,72.0,66.7
Sleep Apnea,Salmon,Consume,35,4.1,5.6,31.4,1.7,10.5,220.0
Sleep Apnea,Beans,Consume,259,19.3,15.9,42.7,2.4,71.3,162.8
Sleep Apnea,Candy,Avoid,191,26.0,10.2,50.1,4.0,62.6,44.3
Sleep Apnea,Fried Food,Avoid,196,1.6,2.5,20.6,7.3,42.7,61.1
Sleep Apnea,High Salt Snacks,Avoid,92,18.3,14.1,58.8,3.8,35.3,159.1
Sleep Apnea,Ice Cream,Avoid,207,24.7,4.5,48.7,2.0,28.6,165.8
Sleep Apnea,Alcohol,Avoid,125,17.3,11.1,12.1,0.4,31.5,124.0
Skin Cancer,Carrots,Consume,197,20.1,19.3,33.1,0.1,27.2,105.9
Skin Cancer,Salmon,Consume,236,18.4,19.0,17.4,5.2,38.0,247.3
Skin Cancer,Chia Seeds,Consume,55,6.3,1.7,41.6,9.5,85.4,178.8
Skin Cancer,Almonds,Consume,152,12.2,5.8,55.8,9.1,27.5,62.1
Skin Cancer,Chia Seeds,Consume,184,21.8,13.3,2.6,0.6,13.9,115.2
Skin Cancer,White Bread,Avoid,276,20.1,15.2,49.6,0.5,52.5,102.4
Skin Cancer,Soda,Avoid,55,9.6,6.5,50.3,4.0,70.3,232.6
Skin Cancer,Candy,Avoid,229,20.0,19.7,34.8,9.9,40.4,222.5
Skin Cancer,Full-fat Cheese,Avoid,137,17.6,2.6,56.2,9.6,30.0,237.2
Skin Cancer,Alcohol,Avoid,25,15.9,15.5,21.2,6.3,76.7,226.6
Breast Cancer,Walnuts,Consume,40,22.7,14.6,42.0,3.9,48.3,203.9
Breast Cancer,Walnuts,Consume,265,19.0,15.6,43.5,8.7,36.4,8.7
Breast Cancer,Garlic,Consume,143,16.4,2.1,38.4,6.7,72.1,11.5
Breast Cancer,Apple,Consume,232,17.6,7.7,30.2,8.8,70.2,48.2
Breast Cancer,Blueberries,Consume,104,9.4,16.2,36.2,4.7,14.4,157.3
Breast Cancer,High Salt Snacks,Avoid,111,26.2,12.0,15.6,5.4,49.6,34.5
Breast Cancer,Chips,Avoid,20,25.5,13.3,18.2,3.5,43.7,2.7
Breast Cancer,Candy,Avoid,160,6.7,19.6,59.5,7.3,24.4,166.6
Breast Cancer,Processed Meat,Avoid,144,19.7,11.4,43.9,1.9,83.7,105.0
Breast Cancer,Ice Cream,Avoid,281,15.3,4.2,31.3,9.6,25.8,198.0
Prostate Cancer,Chia Seeds,Consume,231,17.2,16.9,47.5,6.2,15.8,213.7
Prostate Cancer,Almonds,Consume,120,16.7,15.8,48.0,2.9,77.3,139.2
Prostate Cancer,Salmon,Consume,116,11.2,2.1,36.4,5.8,93.9,83.1
Prostate Cancer,Oats,Consume,51,26.0,19.6,39.0,7.3,80.6,102.6
Prostate Cancer,Apple,Consume,83,25.5,13.3,57.2,8.1,8.0,31.8
Prostate Cancer,Ice Cream,Avoid,35,6.3,5.1,17.9,8.5,15.4,194.4
Prostate Cancer,Red Meat,Avoid,117,22.5,14.5,11.1,7.0,99.0,152.1
Prostate Cancer,Pastries,Avoid,140,2.3,12.2,6.2,9.7,52.8,19.9
Prostate Cancer,High Salt Snacks,Avoid,108,2.2,17.9,58.4,6.6,87.9,246.0
Prostate Cancer,White Bread,Avoid,255,25.7,11.3,46.0,1.7,70.2,166.1
Lung Cancer,Garlic,Consume,24,17.5,8.7,24.2,6.5,13.1,162.7
Lung Cancer,Apple,Consume,93,20.4,14.7,59.2,1.7,95.5,69.6
Lung Cancer,Brown Rice,Consume,196,20.4,2.3,53.5,0.6,37.0,17.5
Lung Cancer,Quinoa,Consume,114,28.0,7.1,44.7,7.3,25.1,164.2
Lung Cancer,Garlic,Consume,223,15.8,8.9,45.1,3.3,63.1,248.3
Lung Cancer,White Bread,Avoid,35,27.6,11.1,22.1,3.1,97.7,213.0
Lung Cancer,Soda,Avoid,282,4.7,5.9,44.8,7.1,56.7,55.1
Lung Cancer,Candy,Avoid,288,6.8,16.3,59.3,6.8,73.8,226.6
Lung Cancer,Alcohol,Avoid,64,27.5,16.1,18.5,1.3,34.8,193.4
Lung Cancer,Pastries,Avoid,34,22.5,8.1,55.0,4.3,26.4,216.9
Leukemia,Chia Seeds,Consume,190,19.5,7.6,55.1,9.0,39.1,97.6
Leukemia,Blueberries,Consume,296,12.6,13.4,51.2,2.0,78.7,19.0
Leukemia,Tomatoes,Consume,260,16.5,8.1,11.1,5.5,95.8,165.3
Leukemia,Carrots,Consume,296,28.7,7.5,33.2,3.4,17.8,208.3
Leukemia,Brown Rice,Consume,280,16.6,5.3,31.9,6.8,82.2,50.8
Leukemia,White Bread,Avoid,123,7.6,1.1,25.8,0.5,21.8,160.8
Leukemia,Full-fat Cheese,Avoid,263,17.9,16.5,35.3,5.5,39.0,66.4
Leukemia,Full-fat Cheese,Avoid,169,10.4,6.3,24.4,5.4,43.9,246.1
Leukemia,Full-fat Cheese,Avoid,264,13.8,18.2,30.6,8.6,94.1,102.1
Leukemia,Full-fat Cheese,Avoid,299,12.1,4.3,38.5,10.0,75.3,0.3
Lymphoma,Walnuts,Consume,145,2.3,5.3,55.5,4.6,40.8,215.8
Lymphoma,Quinoa,Consume,202,24.1,18.5,47.3,8.5,7.6,138.6
Lymphoma,Tomatoes,Consume,300,6.4,10.4,49.7,0.2,44.3,78.9
Lymphoma,Carrots,Consume,275,13.2,2.4,41.2,7.1,77.9,7.9
Lymphoma,Sweet Potato,Consume,141,10.4,8.1,58.8,8.7,24.8,235.0
Lymphoma,Full-fat Cheese,Avoid,40,16.6,9.8,37.5,5.3,57.3,56.0
Lymphoma,Sugary Drinks,Avoid,299,9.1,0.9,10.6,8.7,98.0,13.5
Lymphoma,Processed Meat,Avoid,97,15.6,5.9,42.9,1.8,91.3,77.9
Lymphoma,Sugary Drinks,Avoid,199,29.4,14.0,30.5,8.4,12.6,245.6
Lymphoma,Butter,Avoid,210,21.8,4.3,8.7,7.3,60.0,170.2
Pancreatic Cancer,Green Tea,Consume,206,20.1,16.2,22.5,4.8,52.2,179.0
Pancreatic Cancer,Blueberries,Consume,180,15.2,1.8,51.2,9.7,81.9,87.0
Pancreatic Cancer,Apple,Consume,295,6.8,7.3,15.0,4.1,59.8,43.9
Pancreatic Cancer,Blueberries,Consume,269,12.9,9.9,16.2,1.8,24.8,157.6
Pancreatic Cancer,Garlic,Consume,83,26.6,9.7,33.3,7.5,7.4,156.3
Pancreatic Cancer,Processed Meat,Avoid,24,12.7,17.7,57.1,4.8,79.8,35.8
Pancreatic Cancer,Soda,Avoid,136,20.7,11.9,26.0,4.3,71.7,234.9
Pancreatic Cancer,Processed Meat,Avoid,273,9.9,14.4,5.8,2.4,6.5,63.6
Pancreatic Cancer,Red Meat,Avoid,92,14.7,15.2,39.0,9.2,39.4,144.5
Pancreatic Cancer,High Salt Snacks,Avoid,77,17.9,1.6,10.4,9.9,12.5,61.2
Kidney Stones,Blueberries,Consume,94,10.8,16.0,9.2,8.2,33.0,4.0
Kidney Stones,Green Tea,Consume,283,10.2,6.1,5.1,8.6,1.0,108.1
Kidney Stones,Tomatoes,Consume,154,21.6,0.5,37.5,8.0,93.2,242.6
Kidney Stones,Spinach,Consume,145,11.6,13.9,28.3,0.8,61.8,1.5
Kidney Stones,Broccoli,Consume,274,10.5,17.8,59.4,0.3,20.6,205.6
Kidney Stones,Butter,Avoid,251,9.3,4.8,32.4,7.7,92.0,48.4
Kidney Stones,Chips,Avoid,206,24.4,19.0,46.3,1.4,75.4,159.9
Kidney Stones,Pastries,Avoid,251,16.7,13.4,3.8,3.3,63.1,76.1
Kidney Stones,Pastries,Avoid,219,7.0,14.4,45.5,9.7,33.7,146.6
Kidney Stones,Ice Cream,Avoid,117,11.8,9.9,33.8,3.5,61.9,230.6
Gallstones,Greek Yogurt,Consume,224,12.3,3.4,8.5,3.0,55.8,63.5
Gallstones,Sweet Potato,Consume,227,24.1,18.6,36.0,2.1,71.9,200.5
Gallstones,Brown Rice,Consume,260,18.2,14.4,20.8,0.2,88.7,247.7
Gallstones,Chia Seeds,Consume,299,27.2,4.7,8.8,1.5,69.1,49.3
Gallstones,Almonds,Consume,144,20.7,8.9,54.6,3.4,0.1,237.3
Gallstones,Fried Food,Avoid,93,25.7,11.8,26.3,9.4,12.4,132.3
Gallstones,Ice Cream,Avoid,242,29.7,5.2,38.4,0.9,53.1,248.5
Gallstones,Processed Meat,Avoid,175,4.1,18.1,34.4,2.0,92.9,209.9
Gallstones,Sugary Drinks,Avoid,176,27.7,2.5,28.6,9.7,29.6,121.8
Gallstones,Full-fat Cheese,Avoid,24,21.7,11.8,23.5,2.1,22.6,60.4
